V1,V2
"p,u,d,l","lup,puld,pulp,dup,pul"
"e,v,s,o","esse,ose,ses,sove,sovse,vovse,esses,oses,soves,sovses,ves,vove,voves,vovses"
"c,e,s,t","ces,cesset,cessets"
"v,g,e,a","agave,gave,vag,vage,ave,gav,veg,vege"
"s,w,o,k","kokos,koks,skok,sok,sos,kos,oks,sko,skos,skoks,soks,woks,wows"
"f,n,i,t","fif,fin,fit,fint,finit,infinit"
"n,s,y,t","nysyn,nys,nyt,nyn,nyst,nysyns,styn,syn,syns,tystn"
"g,f,u,l","fugl,glug,guf,gul,fug,gufl,lug,ugl"
"l,i,f,p","pli,fifl,fil,flip,pil"
"e,u,b,g","bebe,beg,begge,eeg,egu,gubbe,uge,bue,buge,ebbe,ege"
"s,v,r,a","sar,sav,vvs,ars,aras,arvs,ras,ravs,sars,savs,svar,svars,varvs"
"n,m,a,i","anima,mani,manna,mini,annam,min,man,minima"
"p,u,o,s","opus,pop,popo,pps,ups,pops,popos,pos,pus,sop"
"b,t,e,d","bebe,debet,edb,etb,bed,bedet,bede,bedt,bet,ebbe,ebbet,ebbede"
"r,c,a,e","ara,arre,racer,rar,aer,araer,arrer,race,racere,rare,reer"
"m,r,k,e","emme,kremere,meme,mere,emmer,kremer,kremerer,memer,rem,remme"
"l,t,e,k","kel,kele,telt,telte,elle,kelet,let,leet,lette,lettet,teltet"
"u,a,b,l","aula,blu,bul,ublu,albu,lul"
"h,s,d,i","hid,his,hids"
"h,o,t,e","hot,oho,hotte"
"o,v,s,j","sos,vov,vovvov,sjov,sjovs,sov,sovs"
"d,r,t,a","ard,dart,dat,data,ddt,radar,dada,drat,rad"
"l,f,a,k","alf,alfa,alk,falk,kalla,laf,lak,lal,lala,afkalk,flak,kalk"
"m,z,o,e","emme,meme,memo,mezzo,omme,zoome,zoom"
"o,g,v,l","glo,gogo,logo,vlog,vov,vovvov,googl,log,lov"
"i,t,h,e","hitte,hittit,thi,tie,titte,hiet,hit,hittet,tiet,tit,tittet"
"l,k,n,y","klynk,lyn,kyl"
"n,y,l,k","klynk,lyn,nyk,ynk,kny,nyn"
"s,f,i,t","sti,tis,fis,fifs,fist,sis,sit,stis,stift,stifts,tits"
"i,u,m,a","imam,umami,mim"
"s,i,n,l","sin,ils,isn,lis,lins,nis,sis,sil"
"s,f,t,i","sti,tis,fis,fifs,fist,sis,sit,stis,stift,stifts,tits"
"s,r,z,a","sar,ars,aras,ras,sars,zars"
"k,o,r,b","kor,kork,rok,rokoko,book,brok,kok,kro,kror,ork"
"t,r,y,g","tryg,tyr,trygt,tyg,ytr"
"m,a,t,u","amt,amu,atm,mama,mammut,mut,tam,tamtam,mat,tamt"
"s,j,u,p","pjus,pps,sus,ups,usus,pus,sjus"
"n,c,o,g","congo,gong,gongong,ngo"
"d,m,t,e","ddt,emde,dem,det,dette,emmede,med,mede,medet,medede,teede"
"s,u,z,o","sos,sus,usus,ouzos,zoos"
"i,d,a,n","did,din,ind,indad,nid"
"m,p,d,a","damp,mama,pampa,pappadam,dam,mad"
"l,s,u,m","lus,mulm,slum,sul,lul,mul,mulms,muml,slums,slus,suls,ulm"
"a,e,l,n","ale,alen,alene,anal,annal,elan,lal,lala,lalle,alle,alenen,anale,ane,anen,annalen"
"b,e,t,p","bebe,etb,bet,ebbe,ebbet,pebet,peb"
"d,e,j,v","dej,dvd,deje,ejede,ved,veddede,vejede"
"n,h,s,a","ananas,snas,han,hans,nas,sans"
"t,u,s,g","gut,stuts,tugt,tus,utugt,guts,sust,sut,suts,tugts,tut,tuts,utugts"
"d,o,e,g","deo,dog,doge,ged,gedde,god,odde,ode,gode"
"o,f,r,j","fjor,forfjor,fro,ror,for,ofr"
"e,a,j,p","eja,jappe,jeep,pep,peppe,eje"
"n,i,o,p","ion,nip,opinion,nop,pin"
"e,a,k,l","ale,kakkel,kel,kele,lakke,lalle,alle,alke,elle,kalke"
"u,l,i,g","glug,gul,gullig,ulig,lug,lul,ugl"
"t,d,o,n","ddt,dont,ton,not,ondt,tot,totn"
"p,d,u,r","prr,prud,purpur,dup,pudr,pur"
"s,l,u,b","blus,bus,lus,slub,sul,sus,usb,usus,buls,slubs,slus,suls"
"i,h,d,r","did,hid,hird,dir,rir,rid"
"k,o,f,r","fok,fork,kor,kork,rok,rokoko,kok,kro,kror,ork"
"s,b,y,a","abs,bas,babys,bys,sys"
"g,n,k,o","gogo,gok,gong,gongong,gonokok,ngo,kog"
"s,d,o,f","fos,odds,sfo,sod,sos,dos,fods,ods,sods"
"m,r,g,a","gamma,mag,magma,mama,arm,gram,magr,ram"
"u,s,n,h","hus,nus,snu,snus,sus,uhu,usus,hun,huns"
"t,o,k,l","lotto,tolk,tot"
"l,p,a,n","alp,anal,annal,lal,lala,nlp,pal,lap,plan"
"j,s,u,t","just,sjus,sjut"
"d,t,o,g","ddt,dog,god,godt,godtog"
"b,p,t,e","bebe,etb,bet,ebbe,ebbet,pebet,peb"
"g,i,m,r","gig,grim,gir,mig,rig"
"i,s,k,b","bis,ibis,kik,kis,ksi,ski,skib,skik,biks,kiks,ksis,sis,skis,skibs,skiks"
"h,t,y,s","hys,thy,hyt,thys"
"u,k,j,n","junk,kukkuk,kun,nuuk,kuk"
"v,a,p,r","apv,arv,avra,varp,varv,rav,var"
"t,f,k,a","akt,attak,fat,taft,affat,fakta,kat,tak,takt"
"n,g,p,i","gin,nip,ping,pin"
"n,i,f,t","fin,niti,tin,fint,finit,infinit,nit,tint"
"o,t,a,r","aorta,orator,ror,rotor,tao,tarot,tattoo,tora,tort,rot,tor,tot,tro,tror"
"g,l,t,e","eeg,elg,gel,leg,lege,ege,eget,elge,leget,tegl,teglet"
"f,e,j,l","fej,feje,fejle,lefle,fejl,lefl"
"r,d,a,g","ara,ard,arg,grad,graddag,radar,rag,raga,rar,agrar,drag,rad"
"i,v,s,u","sisu,siv,uvis,viv,sis,sisus,sivs,svi,vis,vivs"
"l,r,o,e","eller,ler,reol,rolle,elle,leer,loer,reel,reeler,reelle,reoler,roller"
"g,b,l,o","blog,glo,gogo,logbog,logo,bog,googl,log"
"t,s,v,a","atv,stat,stav,tast,tavs,vat,sat,sats,stats,stavs,tasts,tavst,tav,vats"
"l,n,a,b","alba,anal,annal,banal,lab,laban,lal,lala,bal"
"m,o,a,n","mama,mammon,manna,mon,mono,monoman,oman,annam,man"
"k,y,n,l","klynk,nyk,ynk,kny,kyl"
"d,i,y,n","did,din,dyd,dyn,dynd,ind,nid,indynd,nyd,ynd"
"e,t,g,j","eeg,tee,tete,ege,eget,eje,ejet,jeg,jeget,jet,teet"
"a,o,l,v","avl,lal,lala,lava,val,lav,oval"
"g,c,i,n","gig,gin,icing"
"l,m,u,f","ful,mulm,fuml,luf,lul,mul,muml,ulm"
"n,j,u,k","junk,kun,nuuk"
"s,o,r,m","mms,moms,mors,morsom,sms,som,sos,mormors,moros,mos,orms,ros,roms,rors"
"y,b,s,u","bybus,bys,sys"
"r,o,s,b","bro,bror,ror,bor,bors,bros,brors,ros,rors"
"d,s,a,f","das,dada,dadas,fad,fads,sad"
"i,s,t,w","sti,tis,twist,sis,sit,stis,tit,tits,twists,twit"
"i,s,e,a","ais,asie,eis,ise,isse,asies,ises,isses,sis,sies"
"f,t,d,e","fede,fedt,fedte,fedtet,feed,fed,feddet,fedet,fedede,fedtede,feedet"
"j,b,e,o","job,eje,jobbe"
"i,t,l,w","ilt,til,twill,tilt,tit,twit"
"d,k,n,u","dun,kudu,udu,duk,dunk,und"
"a,e,c,p","app,cape,pap,papa,pace"
"a,m,r,h","aha,ara,hamam,haram,mama,rar,arm,ham,hamr,harm,har,ram"
"o,d,l,f","fol,flod,fod,fold,lod"
"n,p,k,a","kanaan,nappa,ank,knap,kan,nak,nap"
"t,d,b,y","ddt,tyd,byt,dybt,dyt"
"i,a,n,d","did,din,ind,indad,nid"
"v,a,l,i","avl,lava,liv,val,via,villa,viv,lav,vil"
"r,a,k,m","ara,arrak,kar,karm,karma,krak,rak,rar,ark,arm,kram,mark,ram"
"l,m,i,s","lim,mil,missil,simili,slim,smil,ils,lis,lims,mils,missils,sil,similis,slims,smils"
"r,s,g,i","gris,gir,irs,iris,ris,rir,rig,rigs,sir,sirs"
"n,o,d,a","and,anno,dna,donna,ond,dan"
"b,s,a,r","abs,barbar,bars,bas,basar,bar,barbars,basars,bras"
"r,p,u,s","prr,purpur,rur,ussr,pur,purs,purpurs,rurs,rus,sur,surs,urs"
"f,p,u,e","efeu,fuppe,puffe,fup,puf"
"r,s,i,l","lir,irs,iris,lirs,ris,rir,ril,risl,sir,sirs"
"i,l,m,b","bil,bmi,lim,mil,biml,mim"
"t,r,l,y","tyl,tyr,lyt,tryl,ytr"
"o,s,b,y","bob,boss,bybo,obo,obs,sos,yoyo,bos,bobs,bybos,obos,yoyos"
"b,s,o,m","bob,bom,boom,boss,obo,obs,bos,bobs,boms,bomb,booms,mob,obos"
"u,l,g,t","glug,glut,gul,gut,lugt,lut,tugt,utugt,gult,lug,lul,tul,tut,ugl"
"g,u,i,t","gig,gigt,gut,tugt,tugtig,utugt,utugtig,tig,tugtigt,utugtigt"
"s,c,u,p","pps,sus,ups,usus,cups,pus"
"z,s,o,n","ozon,zoo,ozons,zoos"
"p,n,i,k","kip,nip,pink,pik,pin,pip"
"o,g,l,z","glo,gogo,logo,zoo,zoolog,googl,log"
"g,e,b,o","beg,begge,boge,eeg,ego,gogo,bog,ege"
"r,n,y,s","rys,syr,syrn"
"p,a,l,f","alp,app,flap,pal,pap,papa,lap,paf,plaf"
"e,m,v,h","emme,hvem,meme,hev"
"h,m,a,l","aha,hal,halal,hall,halm,halma,hamam,ham,haml"
"y,i,l,d","dyd,idyl,lyd"
"k,r,u,n","kruk,kukkuk,kukur,kun,nuuk,knur,kuk,kur"
"k,p,n,a","kanaan,kappa,pak,ank,kap,knap,kan,nak"
"k,l,a,c","alk,kalla,kcal,lak,kalk"
"y,d,e,j","dyd,jyde,yde,dyede,ydede"
"o,e,d,t","deo,odde,ode,otte,totte,tottet,doet,toet,toede,tot,tottede"
"h,a,s,t","aha,hash,hast,hat,shah,has,hashs,hasts,hats,shahs"
"e,l,u,h","hel,hulle,leu,lulle,elle,hele,helle,hue,hule,lue"
"a,i,p,l","alp,app,ipa,lal,lala,lilla,pal,pap,papa,papil,lap"
"v,s,e,t","vvs,ves,vest,vests,veste,vestes"
"o,n,r,g","gogo,gong,gongong,gro,grog,ngo,nor,rogn,ror,gror"
"o,r,n,h","hor,horn,nor,oho,rho,ror"
"k,n,a,e","akne,enke,kanaan,kane,aknen,anke,anken,ank,enken,kanen,kan,nakke,nakken,nak"
"r,y,t,s","styr,styrt,tyr,rys,ryst,styrs,styrts,syr,tyrs,ytr"
"y,g,e,r","ryg,ryge,ryger,gry,gryr,gryer,rygge,rygere"
"u,f,m,l","ful,mulm,fuml,luf,lul,mul,muml,ulm"
"t,v,g,i","gigt,givtig,vigtig,vittig,givtigt,tig,tit,vigt,vigtigt,vittigt"
"r,k,s,y","kry,ryk,skyr,rys,ryks,skyrs,syr"
"y,t,k,r","kry,ryk,tryk,tyk,tyr,tyrk,trykt,tykt,ytr"
"e,n,h,u","hen,henne,ene,enen,huen,hue,hunnen"
"b,o,a,n","banan,boa,bob,bon,bonbon,nabo,obo,ban"
"t,g,u,b","bugt,but,gut,tugt,utugt,tut"
"r,i,s,c","irs,iris,ris,rir,risici,risicis,sir,sirs"
"g,r,a,u","arg,augur,gag,gaga,gru,guru,rag,raga,rug,agrar"
"h,i,d,v","hid,hiv,hvid"
"p,e,k,n","kneppe,pen,pep,peppe,knep,pennen,pennene,penne"
"h,p,i,o","hiphop,hipo,hop,oho,hip"
"i,a,v,l","lilla,liv,via,villa,viv,vil"
"k,e,l,m","kel,kele,klem,klemme"
"h,a,m,e","aha,hamam,ham,hamme"
"o,s,g,m","gmo,gogo,gom,moms,smog,som,sos,gos,gogos,goms,mos,smogs"
"h,b,u,e","buh,buhe,hub,uhu,hue"
"u,n,g,l","glug,gnu,gul,lun,ung,guln,lug,lul,nul,ugl"
"a,s,t,w","stat,tast,watt,sat,sats,stats,tasts,watts"
"k,g,n,a","gak,gakgak,kag,kanaan,ank,knag,kan,nak"
"o,n,s,j","jon,sno,sos,jons,nos,snos,son"
"o,b,l,g","blog,bob,glo,gogo,lob,logbog,logo,obo,bobl,bog,bol,googl,log"
"u,a,t,m","amu,mammut,mut,tau,tut"
"a,h,o,r","aha,ara,hora,rar,har"
"a,i,u,m","amu,imam,mama,umami"
"d,v,e,t","ddt,dvd,veddet,vedet,det,dette,teede,ved,veddede"
"r,s,o,f","fosfor,fro,ror,for,fors,fosfors,ofr,ros,rors"
"m,u,h,o","homo,muh,ohm,omhu,hum"
"e,i,b,g","bebe,beg,begge,beige,bie,eeg,gibbe,gige,ebbe,ege,gie"
"d,e,p,g","ged,gedde,pegede,peppede"
"e,h,u,r","herre,her,herrer,hue,huer,reer,rurer,urer,ure"
"i,n,m,k","kik,kim,kinin,mimik,mini,mink,nik,min,mim"
"v,e,t,i","vie,viv,viet"
"m,o,l,h","holm,homo,lom,ohm,olm,mol"
"f,k,a,l","alf,alfa,falk,laf,afkalk,flak"
"i,y,t,c","city,tic,tit"
"k,r,o,g","gok,kor,kork,krog,rok,rokoko,kog,kok,kro,kror,ork"
"n,a,g,y","agn,gny,nag,yang,gang,gyng,nyn"
"i,a,s,b","ais,basis,bias,bis,ibis,bais,sis"
"o,n,p,y","pony,pop,popo,yoyo,nop"
"l,y,f,v","lyv,fly,flyv"
"p,e,k,a","app,kappa,pak,pap,papa,peake,pep,peppe,kap,kappe,pakke,peak"
"v,a,s,j","sav,sjavs,svaj,vvs,savs,svajs,vaj"
"g,d,p,e","eeg,ged,gedde,peg,pege,ege,pegede"
"d,y,b,l","byld,dyd,lyd,byd,dyb"
"i,e,m,d","did,eid,medie,mide,die,diede,mime,mim,mimede"
"b,u,j,l","blu,bul,ublu,jubl"
"v,o,l,k","klov,vov,vovvov,lov"
"v,k,i,r","kiv,riv,viv,vrik,ivr,kvi,kvik,vir,virk"
"s,h,o,f","fos,hos,sfo,sos,hofs"
"n,a,l,u","alun,anal,annal,lun,annua,nul"
"o,g,r,v","gogo,gro,grog,grov,orv,ror,rov,vov,vovvov,gror,vor"
"u,o,l,s","lus,soul,sul,sus,usus,lul,slus,souls,suls"
"e,j,a,r","arre,eja,ejer,reje,aer,araer,arrer,eje,ejere,jer,jaer,rare,reer,rejer"
"b,r,g,a","barbar,brag,gab,grab,bag,bar"
"s,j,a,b","abs,bas,jas,jabs"
"s,h,r,o","hos,sos,hors,rhos,ros,rors"
"p,r,t,u","prr,prut,purpur,put,ruptur,trup,pur,purt"
"l,i,f,o","fiol,fol,folio,fifl,fil"
"d,t,y,l","ddt,dyd,lyd,lydt,tyd,dyt"
"t,e,y,k","tee,tete,tyk,tykke,teet,tyet,tykt"
"n,b,a,s","ananas,banan,snas,banans,ban,nas,sans"
"r,t,a,d","ara,ard,art,dart,radar,rar,rat,tara,tatar,drat,rad,rart"
"l,o,r,e","eller,ler,reol,rolle,elle,leer,loer,reel,reeler,reelle,reoler,roller"
"j,v,a,k","kaj,kajak,kavaj,kvaj,vaj"
"m,o,l,b","bom,boom,lom,molbo,olm,bomb,mob,mol"
"l,f,d,i","dild,flid,ild,lid,fifl,fil"
"g,w,n,i","gig,gin,wing"
"n,g,m,a","agn,mangan,manna,nag,annam,gang,man,manga"
"i,a,d,r","did,raid,air,dir,rir,rid"
"d,s,i,t","ddt,did,istid,sid,sidst,tid,tids,dit,dis,ids,istids,sidt"
"r,a,t,n","ara,art,nar,ran,rar,rat,tara,tartan,tatar,tran,rart"
"y,s,t,n","nysyn,tys,tyst,nys,nyt,nyn,nyst,nysyns,styn,sys,syn,syns,tystn"
"l,y,n,s","lyn,lyssyn,syl,lys,lyns,lysn,lyssyns,syls,sysl"
"d,a,s,m","das,dada,dadas,dam,dams,mad,mads,sad"
"a,s,g,v","gag,gaga,sag,saga,sav,svag,vag,gags,gas,gav,sags,sagas,savs"
"u,z,r,a","aura,azur,rur"
"a,b,g,t","agat,agt,bat,batat,gab,gag,gaga,gagat,gat,tab,bag,bagt,gabt,tabt,tag"
"l,d,t,y","lyd,lydt,tyl,lyt"
"l,o,k,r","klo,klor,lok,look,klok"
"g,u,a,e","age,eeg,egu,gag,gaga,gage,gauge,uge,ege"
"l,a,b,d","alba,blad,dal,lab,lal,lala,adl,bal,dadl,lad"
"t,g,a,m","agat,agt,amt,atm,gagat,gat,magt,tam,tamtam,mat,tag,tamt"
"e,o,u,r","euro,roe,roer,euroer,reer,roere,rurer,urer,ure,uroer"
"b,p,o,h","bob,bop,hob,obo,ophob"
"y,s,e,r","syrer,yes,rys,sys,syes,syr,syer,syre,syres,syrers,syrere,syreres"
"a,p,m,c","app,cam,mama,pampa,pap,papa,camp"
"o,d,s,b","bob,boss,obo,obs,odds,sod,sos,bos,bobs,bod,bods,dos,obos,ods,sods"
"b,y,d,u","bybud,udbud,bud,byd,dub,dyb,udbyd,uddyb"
"s,n,u,h","hus,nus,snu,snus,sus,usus,huns"
"s,w,t,i","sti,tis,twist,sis,sit,stis,tits,twists"
"k,t,n,i","kik,kinin,kitin,nik,kit,tik"
"s,d,m,i","dims,mis,miss,mms,sid,sms,dis,ids,sis,smid"
"b,u,e,s","bebe,bese,bus,buse,usb,beses,bue,bues,buses,ebbe,ebbes"
"a,p,r,j","app,ara,arp,pap,papa,papaja,par,praj,rar,jap,rap"
"l,i,p,a","alp,lal,lala,lilla,pal,papil,pli,lap,pil"
"e,d,v,o","deo,odde,ode,ved,veddede,vove,vovede"
"n,h,e,l","hen,henne,len,ellen,ellene,ene,enen,hellen,leen,lenene"
"d,p,a,m","damp,pappadam,dada,dam,mad"
"s,b,g,o","boss,obs,sos,bos,bobs,bogs,gos,gogos,obos"
"b,o,v,e","bebe,bebo,beo,bob,bobbe,bov,obo,bove,ebbe"
"o,s,v,t","sos,sot,stovt,tov,vov,vovvov,ost,osts,sots,sov,sovs,tos,tot,tots,tovs"
"m,z,o,s","mms,moms,sms,som,mos,zoom,zooms"
"r,m,k,u","kruk,krum,kukur,mur,rur,kur,rum"
"o,d,a,n","anno,dao,donna,ond"
"i,l,p,f","fif,fip,pli,fifl,fil,flip,pif,pil,pip"
"y,l,t,r","tyl,tyr,lyt,tryl,ytr"
"b,o,r,k","bob,bro,bror,obo,bor,book,brok"
"i,g,t,f","fif,fiffig,fit,giftig,gig,gigt,fiffigt,gift,giftigt,tig,tit"
"o,w,l,b","bob,lob,obo,bobl,bol,bowl,wow"
"l,r,c,e","celle,eller,ler,celler,elle,leer,reel,reeler,reelle"
"b,i,s,a","abs,bas,basis,bias,bis,ibis,bais"
"m,e,y,r","emme,meme,mere,ymer,emmer,memer,myer,myr,myrer,myre,rem,remme"
"i,t,m,n","intim,mini,mint,niti,tin,intimt,min,mit,mim,nit,tint,tit"
"t,m,o,s","most,motto,sot,tom,tomt,mosts,mottos,ost,osts,sots,tos,tomts,tot,tots"
"g,y,d,u","gud,dug,gyd,udgyd"
"v,e,d,h","dvd,hev,hvede,ved,veddede"
"a,e,k,b","kebab,abe,bak,bakke"
"e,r,k,c","kere,kreere,reck,rekreere,ker,kerer,kreer,kreerer,reer,recker,rekreer,rekreerer"
"o,l,f,j","fol,fjol,jol"
"e,a,z,r","arre,aer,araer,arrer,rare,reer,zarer"
"a,d,s,m","das,mama,mas,dada,dadas,dam,dams,mad,mads,mamas,sad"
"t,u,l,s","lut,stuts,sult,tus,luts,slut,sluts,sults,sust,sut,suts,tul,tut,tuts"
"o,r,p,n","nor,pop,popo,porno,pro,prop,ror,nop,nopr"
"n,u,d,r","dun,run,rund,urund,dundr,und,undr"
"e,k,p,a","peake,pep,peppe,kappe,pakke,peak"
"m,u,h,s","hummus,humus,mms,muh,mus,sms,hum,sum,sums"
"a,n,t,i","nat,tannin,tant,titan"
"d,e,f,t","ddt,fede,fedt,fedte,fedtet,feed,det,dette,fed,feddet,fedet,fedede,fedtede,feedet,teede"
"u,f,s,l","flus,ful,lus,sul,sus,usus,fus,luf,lul,slus,suls"
"l,e,t,o","lotte,lotto,telt,telte,elle,let,leet,lette,lettet,lottoet,teltet"
"l,n,e,y","len,lyn,lyne,ellen,ellene,elle,leen,lenene,lyene,lynene"
"k,l,o,v","klo,klov,lok,look,klok,kok"
"p,d,y,r","dryp,dyp,prr,pryd"
"b,d,o,s","bob,boss,obo,obs,bos,bobs,bod,bods,obos"
"j,r,a,p","papaja,praj,jap"
"e,t,i,x","exe,tee,tete,tie,titte,exet,exit,exittet,teet,tiet,tittet"
"b,l,u,e","bebe,bel,ble,blu,bul,bulle,lubbe,ublu,bue,bule,ebbe"
"h,e,d,p","hedde,hep,heppe,hed,hede,heppede"
"i,k,m,o","kik,kim,komik,mimik,mim"
"v,e,b,r","brev,verve,breve,rev,veer,verber"
"h,l,a,e","aha,hal,halal,hall,heale,hel,hale,heal,hele,helle"
"n,u,i,k","ikkun,kinin,kun,nik,nuuk,unik"
"f,r,u,i","fif,fur,riff,ufri,fir,fri,frir,ruf"
"o,e,l,r","reol,roe,roer,rolle,ror,loer,reoler,roere,roller"
"f,l,t,i","fif,filt,fit,fifl,fil,lift,tilfil"
"l,g,k,e","elg,gel,kegle,kel,kele,leg,lege,elle,elge"
"f,o,m,r","formor,fro,from,morf,for,form,ofr,omform"
"l,e,f,c","celle,fleece,lefle,elle,lefl"
"a,h,e,d","adhd,aha,had,hade,heade,aede,dada,hadede,head,headede"
"k,p,e,u","kue,kukke,kukkuk,kup,kuppe,pukke,kuk,puk"
"k,s,j,u","juks,kukkuk,kusk,sjusk,suk,kuk,kuks,kusks,sjusks,sku,suks"
"y,n,g,a","gny,yang,gyng,nyn"
"o,a,d,s","dao,odds,sod,soda,sos,daos,dos,ods,sods,sodas"
"r,o,f,k","fork,fro,kor,kork,rok,rokoko,ror,for,kro,kror,ofr,ork"
"f,m,l,i","fif,film,fim,fifl,fil"
"i,n,p,t","nip,niti,pit,tin,tipi,nit,pin,pint,pip,tint,tip,tit"
"h,l,m,a","aha,hal,halal,hall,halm,halma,hamam,ham,haml"
"k,l,a,t","akt,alk,attak,kalla,klat,lak,laktat,talk,kalk,kat,tak,takl,takt"
"p,y,h,e","hep,heppe,hyp,hyppe,pep,peppe,pyh,yppe,hype"
"i,k,h,n","hik,hin,khi,kik,kinin,nik,hink"
"f,d,e,j","fede,feed,fej,feje,fjed,fed,fedede,fejde,fejd,fejdede,fejede"
"i,m,b,a","ambi,bmi,imam,mim"
"h,s,o,k","hook,hos,oho,hooks"
"a,f,w,t","fat,fatwa,taft,watt,affat"
"t,b,r,a","art,bat,batat,brat,rabat,rat,tab,tara,tatar,bart,rart,tabt"
"u,d,l,a","aud,aula,laud,lud,udad,udu,uld,dul,lul,udlad,udlud"
"k,j,e,t","kejtet,tjek,tjekket,tjekke"
"a,e,g,z","age,gag,gaga,gage,gaze"
"l,f,s,e","lefle,sele,els,elle,elles,les,lefl,lefles,seles"
"n,k,l,i","kinin,klinik,lin,link,nik,klin,klink"
"y,u,s,d","dyd,sydud,udyd,dyds,dys,sys,syd,syds,udyds"
"m,b,e,d","embede,emde,emme,meme,dem,emmede,med,mede,medede"
"s,e,f,m","esse,mms,ses,sms,ems,emmes,esses,fes,fems,memes,messe,messes,mes"
"b,y,e,d","bebe,byde,dybde,edb,bed,bede,byd,dyb,dybe,ebbe,ebbede"
"r,d,j,o","ord,ror,jord,rod"
"b,l,u,g","blu,bul,gulbug,ublu,bug"
"o,l,b,w","bob,lob,obo,bobl,bol,bowl,wow"
"j,m,e,d","dej,medeje,meje,deje,eje,ejede,mej,mejede"
"h,u,j,e","hej,huj,huje,juhu,uhu,hue"
"s,n,g,y","gys,nysyn,sng,syg,gnys,nys,nysyns,sys,sygn,syn,syns,syng"
"t,e,b,d","ddt,debet,etb,tee,tete,bedet,bedt,bet,det,dette,ebbet,teet,teede"
"k,e,i,h","hik,ikke,khi,kik,kikke,hike,hikke"
"p,s,o,r","pop,popo,pors,pps,pro,prop,prr,spor,opspor,pops,popos,pos,props,sop,spors"
"i,t,d,g","did,digt,gid,gig,gigt,tid,dit,dig,tig,tit"
"h,v,o,s","hos,hvo,oho,hov,hovs"
"n,k,b,e","bekneb,ben,bene,enke,kneben,benene,ebben,ene,enen,enken,kneb,knebene,knebne"
"l,b,m,i","bil,lim,mil,biml"
"v,l,y,e","elev,elleve,elv,lev,levvel,lyv,lyve,elve,leve,vel"
"i,k,l,f","fif,flik,kik,klik,fifl,fil,fik,kil"
"v,j,s,o","vov,vovvov,vvs,sjov,sjovs,sov,sovs"
"o,b,k,m","bob,bom,boom,obo,bomb,book,kok,kom,mob,mok,ombook,omkom"
"b,n,k,i","bikini,bni,knib"
"a,b,r,m","ambra,ara,barbar,barm,bram,mama,mamba,mbar,rar,arm,bar,ram"
"e,n,z,b","bebe,ben,bene,benzen,zen,benene,ebbe,ebben,ene,enen"
"s,o,r,u","sos,sus,ussr,usus,ros,rors,rurs,rus,sur,surs,urs,uros"
"g,h,a,n","agn,gag,gaga,ghana,nag,gang,hag,hang"
"n,i,u,s","nus,sin,sinus,snu,snus,isn,nis"
"r,f,e,y","fer,fyre,fyrre,fyrrer,referere,feer,fere,fyr,fyrer,fyrrere,reer,referer,refererer"
"r,y,o,m","mormor,moro,orm,rom,rommy,ror,mor,myr"
"o,t,e,f","foto,ofte,otte,toft,tofte,totte,tottet,fotoet,toet,tot"
"d,r,a,s","ard,das,radar,ards,dada,dadas,rad,rads,radars,sad"
"e,t,p,d","pep,peppe,pette,tee,tete,det,dette,peppet,peppede,pet,pettet,pettede,teet,teede"
"i,l,e,m","ile,imellem,lille,lim,mil,lei,lime,mile,mime,mim"
"u,n,e,p","nuppe,puppe,nup,puppen"
"l,i,k,y","klik,kykliky,kil,kyl"
"e,l,v,b","bebe,bel,ble,elev,elleve,elv,lev,levvel,blev,ebbe,elle,elve,leve,vel"
"o,n,r,l","nolo,nor,orlon,rollon,ror,nol"
"o,a,l,s","laos,lasso,oslo,sos,lassos,los,ols,oslos,sol,sols,solo,solos"
"s,a,c,v","sav,vvs,cavas,savs"
"u,c,s,e","succes,sus,suse,usus,suses"
"v,b,r,e","brev,verve,breve,rev,veer,verber"
"p,o,a,l","alp,app,loop,opal,pal,pap,papa,pol,polo,pop,popo,lap,lop,pool"
"k,n,a,i","inka,kaki,kanaan,kanin,kannik,kik,kina,kinin,nankin,nik,ank,kan,nak"
"n,v,f,a","fan,favn,nav,navn,van"
"h,e,y,t","hey,thy,hytte,hyt,hyttet"
"t,a,l,v","atv,tal,tavl,vat,alt,lavt,talt,tav,valt"
"p,o,n,d","pond,pop,popo,dop,nop,pod"
"g,r,i,b","brig,gib,gig,grib,gir,rig"
"u,n,g,k","gnu,knug,kukkuk,kun,nuuk,ung,kuk"
"g,l,n,a","agn,gag,gaga,galan,galla,lag,lang,nag,angl,gal,gang,glan,nagl"
"b,i,o,m","bimbo,bio,bmi,bob,bom,boom,obo,bomb,mob"
"n,y,i,d","din,dyn,dynd,ind,nid,yin,indynd,nyd,nyn,ynd"
"r,o,a,h","ara,hor,hora,rar,rho,ror,har"
"u,s,j,e","sjusse,sus,suse,usus,sjus,sjusses,suses"
"s,g,o,d","odds,sod,sos,dos,gos,gods,gogos,ods,sods"
"m,a,b,i","ambi,bmi,imam,mama,mamba,mim"
"l,o,f,g","fol,glo,logo,golf,googl,log"
"i,o,f,n","fif,fin,info,ion"
"l,f,k,i","flik,klik,fifl,fil,kil"
"t,l,o,c","lotto,coolt,tot"
"b,a,n,l","alba,banal,banan,lab,laban,bal,ban"
"o,m,p,t","motto,pomp,pop,popo,tom,tomt,mop,ompot,pot,top,tot"
"m,o,z,s","mms,moms,sms,som,mos,zoom,zooms"
"s,o,n,m","mms,moms,sms,sno,som,sos,monos,mos,nos,snos,son"
"g,f,s,o","fog,gogo,fogs,gos,gogos"
"m,i,v,r","vvm,mim,mimr,rim,vimr"
"b,r,y,d","byrd,bryd,byd,dyb"
"h,s,e,d","hedde,hed,hede,heddes,hedes"
"d,o,j,r","ord,jod,jord,rod"
"t,d,n,o","ddt,dont,ton,not,ondt,tot,totn"
"e,p,t,h","hep,heppe,pep,peppe,pette,tee,tete,heppet,peppet,pet,pettet,teet"
"f,o,d,s","fos,sfo,fod,fods"
"s,n,o,a","ananas,assonans,snas,sno,sos,nas,nos,sans,snos,son"
"g,t,u,b","bugt,gut,tugt,utugt,bug"
"n,i,s,y","nyis,nysyn,sin,yin,isn,nis,nys,nyn,nysyns,syn,syns,yins"
"s,a,e,v","ase,esse,sav,save,ses,vase,vvs,aes,ases,aves,esses,savs,saves,vases,ves"
"m,l,j,e","elm,emme,meje,mel,mele,mellem,mellemleje,meme,elme,lem,lemme,mej"
"h,i,n,t","hin,hint,hittit,thi,hit"
"t,d,a,j","dat,data,datja,ddt,tja,tjat"
"f,t,l,a","aftalt,alf,alfa,fat,fatal,ftalat,laf,taft,affat,aftal,fatalt"
"i,s,y,l","issyl,isy,ils,issyls,isys,lis,sis,sil"
"a,p,n,k","app,kanaan,kappa,nappa,pak,pap,papa,ank,kap,knap,kan,nak,nap"
"n,t,d,o","dont,ond,ton,not,ondt,totn"
"m,i,r,t","mit,mim,mimr,rim,trim"
"n,i,e,p","nip,nippe,pen,ene,enen,nippene,pennen,pennene,penne,pien,pine,pinen,pin,pippene"
"i,m,v,a","imam,miav,via,viv,mim"
"i,m,s,d","did,dims,mis,miss,sid,dis,ids,mim,sis,smid"
"a,t,f,h","aha,fat,hat,taft,affat,haft"
"o,c,a,t","taco,tao,tattoo,toccata,coat,tot"
"u,t,k,l","kukkuk,kul,kult,lukt,lut,ulk,kluk,kuk,luk,lul,tul,tut"
"l,d,p,a","alp,dal,lal,lala,pal,adl,dadl,lad,lap,padl"
"f,t,a,w","fat,fatwa,taft,affat"
"b,a,n,g","baggang,banan,bang,gab,bag,ban"
"g,i,u,m","gig,gummi,mug,mig"
"n,d,a,p","and,dna,nappa,panda,papand,dan,nap,pand"
"t,m,r,i","trit,mit,rit,tir,tit,trim"
"o,d,l,b","blod,bob,lob,obo,bobl,bod,bold,bol,dobl,lod"
"e,a,n,u","ane,anen,annuaene,ene,enen"
"r,a,b,i","ara,barbar,barbari,rabbi,rar,rib,air,bar,rir"
"n,l,u,s","lun,luns,nus,snu,snus,nul,nuls,nusl"
"i,p,u,n","nip,pinup,pin,pip"
"m,a,g,t","amt,atm,gamma,mag,magma,magt,mama,tam,tamtam,mat,tamt"
"e,o,r,v","ovre,roe,roer,verve,over,overe,reer,rev,roere,veer,vore,vove,vover"
"d,p,i,s","did,dip,sid,spid,dips,dis,ids,spids"
"o,m,k,i","komik,kok,kom,mok,omkom"
"d,i,v,a","dav,david,did,diva,dvd,vad,dada,vid"
"o,n,r,l","nolo,nor,orlon,rollon,ror,nol"
"m,p,h,u","muh,pump,hum,hump"
"n,l,i,d","din,ind,lin,nid,ildn,lind"
"u,b,l,f","blu,bluf,bluff,bul,ful,ublu,luf,lul"
"i,n,s,y","isy,nyis,sin,yin,isn,isys,nis,sis,yins"
"i,r,h,d","did,hid,hird,dir,rir,rid"
"f,r,l,o","fol,fro,for,flor,ofr"
"d,f,e,j","dej,fede,feed,fjed,deje,ejede,fed,fedede,fejde,fejd,fejdede,fejede"
"h,t,y,e","hey,thy,hytte,hyt,hyttet"
"i,u,s,v","sisu,siv,uvis,viv,sis,sisus,sivs,svi,vis,vivs"
"n,e,f,o","effen,fenne,neon,none,nonne,efne,ene,enen,feen,fennen,fon,fonen,neonen,nonen,nonnen"
"m,e,o,k","emme,kemo,meme,memo,omkomme,omme,komme,kom,mokke,mok,omkom"
"o,m,s,d","moms,odds,sod,som,sos,dos,dom,doms,mod,mods,mos,ods,sods"
"j,s,t,u","just,sjus,sjut"
"r,u,o,e","euro,roe,roer,ror,rur,euroer,reer,roere,rurer,urer,ure,uro,uroer,uror"
"k,o,g,e","ekg,ekko,ekkoe,gekko,gok,gokke,koge,kogge,kog,kok,kokke"
"e,b,k,u","bebe,bukke,kube,kue,kukke,bue,ebbe"
"j,t,n,e","neje,tejne,tjene,eje,ejet,jet,jetten,jettene,nej,nejet,tejnen,tjen,tjent,tjente"
"f,d,l,i","fif,flid,fifl,fil"
"n,b,s,a","ananas,banan,snas,banans,ban,nas,sans"
"b,s,a,i","abs,bas,basis,bias,bis,ibis,bais"
"d,o,x,i","did,dioxid,oxid"
"d,o,s,g","dog,god,odds,sod,dos,gods,ods,sods"
"s,a,r,m","mars,mas,mms,sar,sms,ars,aras,arms,mamas,rams,ras,sars"
"l,k,g,a","alk,galla,kagl,kalla,lag,lak,lal,lala,gal,kalk,klag"
"k,u,f,s","fuks,fusk,kuf,kukkuk,kusk,suk,fusks,kufs,kuk,kuks,kusks,sku,skuf,suks"
"o,d,n,f","nonfood,ond,fod,fon,fond"
"r,s,o,v","orv,ror,rov,ros,rors,rovs,svor,vor"
"e,g,y,h","eeg,hey,ege,hygge"
"i,e,l,j","ile,lilje,lille,lei"
"e,k,a,d","dekade,ked,kede,aede,kedede"
"a,m,n,p","app,mama,manna,nappa,pampa,panama,pap,papa,annam,man,nap"
"b,r,o,d","bob,bro,bror,obo,bor,bod,bord,brod"
"h,k,s,o","hook,hos,oho,hooks"
"m,s,u,h","hummus,humus,mms,muh,mus,sms,hum,sum,sums"
"m,n,o,t","mon,mono,monoton,motto,tom,tomt,monotont"
"g,s,j,e","eeg,ges,egs,ege,eges,jeg,jegs"
"y,p,r,d","dryp,dyd,dyp,pryd,dyr,ryd"
"m,t,d,e","emde,emme,meme,dem,emmet,emmede,med,mede,medet,medede,memet"
"s,u,e,b","bese,bus,buse,esse,ses,sus,suse,usb,usus,beses,bues,buses,ebbes,esses,suses"
"t,e,m,u","mut,tee,tete,tue,tuet,tutte,emmet,memet,mutte,teet,tut,tuttet"
"l,s,f,u","flus,ful,lus,sul,luf,lul,slus,suls"
"a,l,v,m","avl,lal,lala,lava,malm,mama,val,valm,lam,lama,lav,mal,mav"
"l,p,a,r","alp,lal,lala,pal,pral,ral,lap,plapr"
"e,b,n,z","bebe,ben,bene,benzen,zen,benene,ebbe,ebben,ene,enen"
"d,o,j,u","duo,judo,udu,jod"
"t,p,i,u","itu,pit,put,tipi,tutti,putti,tip,tit,tut"
"a,n,p,t","app,atp,nappa,nat,pant,pap,papa,tant,tap,nap,pat"
"l,d,i,y","dild,idyl,ild,lid,lyd"
"s,l,f,y","syl,flys,lys,sys,syls,sysl"
"s,f,i,n","fnis,sin,snif,fis,fifs,isn,nis,sis,snifs"
"f,u,g,s","guf,fug,fus,gufs"
"r,a,g,f","ara,arg,far,farfar,fra,graf,rag,raga,rar,agrar"
"b,o,h,e","bebe,bebo,beo,bob,bobbe,hob,hobe,obo,ebbe"
"o,f,j,r","fjor,forfjor,fro,ror,for,ofr"
"o,y,r,g","gogo,gro,grog,groggy,gyro,ror,yoyo,gror"
"s,r,o,d","odds,sod,sos,dos,ods,ords,ros,rods,rors,sods"
"l,i,a,o","aioli,lal,lala,lilla"
"b,u,k,e","bebe,bukke,kube,bue,buk,ebbe"
"p,j,l,e","jeep,peele,pejle,pep,peppe,plejl,peel,pejl,pleje,plej,plejle"
"s,m,h,u","hummus,humus,hus,mms,mus,sms,sus,usus,sum,sums"
"g,u,m,i","gig,gummi,mug,mig"
"l,t,k,u","kul,kult,lukt,lut,ulk,kluk,luk,lul,tul"
"i,t,d,m","did,midt,midti,tid,timid,dit,mit,mim,timidt,tit"
"o,s,r,g","gogo,gro,grog,ror,sorg,sos,gos,gogos,gror,grogs,gros,ros,rors,sorgs"
"a,s,o,n","ananas,anno,assonans,snas,nas,sans"
"r,t,k,i","kir,kritik,trit,rir,rit,tir"
"l,u,s,v","lus,sul,ulv,lul,luv,luvs,slus,suls,ulvs"
"u,r,a,z","aura,azur,rur"
"l,r,f,a","alf,alfa,laf,lal,lala,ral,rafl"
"e,g,v,u","eeg,egu,uge,vue,ege,veg,vege,vugge"
"t,s,h,o","host,hot,shot,sot,hosts,ost,osts,shots,sots,tos,tot,tots"
"l,v,g,o","glo,logo,vlog,googl,log,lov"
"u,k,n,g","gnu,knug,kukkuk,kun,nuuk,ung,kuk"
